job_role,job_title
Software Engineer,C++ Low-Latency Software Engineer – Advanced Trading Systems
Software Engineer,.Net Developer
Software Engineer,LEAD Integration Developer/Engineer (Azure)
Software Engineer,Software Engineer - AI/ML
Software Engineer,Senior Software Engineer (Angular 12+/AWS)
Software Engineer,"AI / Machine Learning Developer (Azure AI, Copilot)"
Software Engineer,Senior Software Engineer
Software Engineer,"Senior Software Engineer (TypeScript, Node.js) - Perm or Contract"
Software Engineer,Software Developer
Software Engineer,Software Engineer
Software Engineer,Software Engineer (Integrations and Deployments)
Software Engineer,Senior Software Engineer
Software Engineer,Python Developer
Software Engineer,Fullstack Software Developer
Software Engineer,Graduate Software Developer
Software Engineer,Software Engineer (Microsoft 365)
Software Engineer,Senior Software Developer - Remote
Software Engineer,Software Engineer
Software Engineer,Software Engineer
Software Engineer,Software Engineer
Software Engineer,DEVELOPER_PROGRAMMER
Software Engineer,Analyst Programmer – Real Estate & Property Technology
Software Engineer,Software Developer
Software Engineer,Senior Software Engineer
Software Engineer,Website Developer (Umbraco/.NET) | Myhealth
Software Engineer,Software Engineer
Software Engineer,Consulting Software Engineer - Code Intelligence
Software Engineer,Senior Software Engineer - HealthTech
Software Engineer,Senior Software Engineer
Software Engineer,Senior Software Engineer
Software Engineer,2 Software Engineer
Software Engineer,Senior Software Engineer - Backend Python API
Software Engineer,Software Development Engineer - Data Aquisition
Software Engineer,VADAAR Senior Software Engineer
Software Engineer,Software Engineer
Software Engineer,Software Engineer
Software Engineer,Software Engineer
Software Engineer,1 ServiceNow Software Engineer (Developer)
Software Engineer,Software Engineer
Software Engineer,Senior Software Developer-Backend
Software Engineer,Senior Backend Software Developer
Software Engineer,Principal Software Engineer - AI.
Software Engineer,"Senior Software Engineer, Geo"
Software Engineer,Software Developer
Software Engineer,"Senior Software Engineer - Angular, Python, AWS"
Software Engineer,Software Developer
Software Engineer,Senior Flight Software Engineer
Software Engineer,Senior Software Developer
Software Engineer,Senior React JS Developer
Software Engineer,Angular UI Developers (Mining OT Product Development)
Software Engineer,Software Team Lead
Software Engineer,Senior Software Engineer
Software Engineer,Software Engineer
Software Engineer,SOFTWARE ENGINEER
Software Engineer,Senior Front End Developer - 6 month contract
Software Engineer,Senior Software Engineer - UniVerse
Software Engineer,Statistical Programmer (SAS)
Software Engineer,Software Engineer (Developers) – Multiple roles
Software Engineer,Full-Stack JavaScript Developer (Contract / Flexible Hours)
Software Engineer,Software Engineer
Software Engineer,Principal Software Engineer - Fullstack
Software Engineer,Senior Software Engineering
Software Engineer,Senior Software Engineer_Capacity Infrastructure Services
Software Engineer,Software Engineer
Software Engineer,Graduate Software Engineer
Software Engineer,Senior Software Developer
Software Engineer,AI Software Developer
Software Engineer,Full Stack Software Engineer
Software Engineer,SailPoint Developer
Software Engineer,Senior Software Engineer - Python
Software Engineer,Principal Software Engineer
Software Engineer,Low-Code Developers (OutSystems / Pega / Appian)
Software Engineer,Software Engineer
Software Engineer,Software Engineer II_Azure Core Storage
Software Engineer,Senior Software Developer
Software Engineer,Software Engineer 2 - Azure Ecosystems Engineering
Software Engineer,Principal Systems Developer
Software Engineer,Lotus Notes developer
Software Engineer,Software Engineer
Software Engineer,Senior Developer
Software Engineer,Graduate Engineer / Software Dev Contract
Software Engineer,Senior Software Engineer_Azure Core Storage
Software Engineer,PLM Application Developer
Software Engineer,Senior Software Engineer - Seabed Mapping
Software Engineer,Senior Software Engineer_Azure Fleet Resource Lifecycle Management
Software Engineer,Senior Software Engineer_Azure Networking Security
Software Engineer,"Adobe Developer - AEM, HTML, CSS, Java - Fed Govt!"
Software Engineer,Software Engineer (React/Node/AWS)
Software Engineer,Senior Software Engineer (CMS)
Software Engineer,Senior .Net Developer
Software Engineer,Senior .Net Developer
Software Engineer,Software Engineering Lead - Python
Software Engineer,Salesforce Developer
Software Engineer,Sailpoint Developer
Software Engineer,Software Engineer – Network & Infrastructure
Software Engineer,Senior Software Engineer - AFD
Software Engineer,Senior Developer
Software Engineer,Software Developer
Software Engineer,.Net Developer
Software Engineer,Graduate IT Software Engineer
Software Engineer,Senior Embedded Software Engineer
Software Engineer,Senior Software Engineer
Software Engineer,Software Engineer
Software Engineer,Senior Software Engineer_Azure Core New Tech
Software Engineer,Senior Full-Stack Developer (E-Commerce & Digital Innovation)
Software Engineer,Senior Developer
Software Engineer,Appian Developer (Senior/Lead Engineers)
Software Engineer,Software Engineer Expert
Software Engineer,Software Engineer
Software Engineer,Software Integration Engineer
Software Engineer,Junior Software Engineer
Software Engineer,Software Engineer
Software Engineer,Storefront Frontend Lead
Software Engineer,Mid to Senior level Power Platform Developer
Software Engineer,Website Developer
Software Engineer,Software Engineer
Software Engineer,Software Developer (Python & TypeScript)
Software Engineer,Java Fullstack Developer - 4 day work week!
Software Engineer,Junior Software Developer
Software Engineer,Software Engineer
Software Engineer,Application Developer - Analyst Programmer
Software Engineer,Software Engineer (Full-time)
Software Engineer,Software Developer
Software Engineer,React Native Software Engineer
Software Engineer,Web Software Developer
Software Engineer,Software Engineer
Software Engineer,Software Engineer II
Software Engineer,Senior Software Developer
Software Engineer,Senior Software Engineer - Payments
Software Engineer,Senior Software Engineer - Java
Software Engineer,Software Engineer/Developer - Multiple Levels
Software Engineer,Software Engineer - WMS
Software Engineer,Junior Software Engineer
Software Engineer,Staff Software Engineer - KICK
Software Engineer,Emerging Markets Software Developer
Software Engineer,Software Engineer- Permanent- Onsite
Software Engineer,Software Engineer — Backend or Full Stack (Elixir)
Software Engineer,Senior Software Engineer
Software Engineer,Software Engineer II - Azure Container Registry
Software Engineer,"Software Developer - Precision Development, Modern Stack"
Software Engineer,"Senior Software Engineer, NetSoft"
Software Engineer,Software Engineer - .NET/AWS
Software Engineer,Software Engineering
Software Engineer,Senior Software Engineer (AIPS)
Software Engineer,Senior Software Engineer (Video) - KICK
Software Engineer,AI Programmer – Racing NSW
Software Engineer,Team Leader - Senior Software Engineer
Software Engineer,Flight Software Engineer I
Software Engineer,Senior Software Engineer
Software Engineer,Senior Software Engineer - Azure Storage
Software Engineer,ServiceNow Software Engineer (Contract Developer)
Software Engineer,Senior Software Engineer
Software Engineer,Senior or Principal Software Engineer
Software Engineer,Senior Front-End Software Engineer - Sportsbook
Software Engineer,Principal Software Engineer - Gen AI
Software Engineer,Senior Software Engineer
Software Engineer,Software Engineer - C# .Net
Software Engineer,Lead Software Engineer (AI) - $180K + Super + 10% Bonus + ESOP
Software Engineer,Software Developer
Software Engineer,Lead Software Developer
Software Engineer,Software Developer
Software Engineer,Senior Software Engineer
Software Engineer,Software Trainer / Consultant
Software Engineer,Senior Software Developer Fullstack
Software Engineer,Senior Software Developer
Software Engineer,Senior Software Engineer - 3D rendering | CAD
Software Engineer,Software Developer
Software Engineer,Developer Analyst
Software Engineer,Senior Software Engineer
Software Engineer,Senior Software Engineer (Python / TypeScript / AWS)
Software Engineer,Junior Korean Business Developer- CFD/FX Trading
Software Engineer,Senior Developer
Software Engineer,C# Software Developer
Software Engineer,Senior Full Stack Software Engineer
Software Engineer,"Fullstack Developers - react, angular, outsystems"
Software Engineer,"Principal Software Engineer, Azure Front Door"
Software Engineer,Senior Software Developer
Software Engineer,Junior Software Developer and ERP User Support
Software Engineer,Software Developer – (TypeScript / Node.js / React /MongoDB)
Software Engineer,Javascript Developer
Software Engineer,Full Stack Software Engineer - Share Registry Platform Provider
Software Engineer,Mobile Application Developer (In-Vehicle Payments)  (5+ Years)
Software Engineer,Junior-Mid PHP/Backend Developer
Software Engineer,Mechatronics Software Engineers
Software Engineer,Software Engineer
Software Engineer,Graduate IT Developer
Software Engineer,Senior Software Engineer - Backend Python API
Software Engineer,Research Software Engineer
Software Engineer,Senior Software Developer
Software Engineer,Software Engineering Team Lead
Software Engineer,Senior Node.js Software Engineer
Software Engineer,Senior Software Engineer
Software Engineer,Integration Developer - System Modernisation - Retail
Software Engineer,Principal Software Engineer
Software Engineer,Software Engineer
Software Engineer,"Senior Developer – Linux (Java , C++)"
Software Engineer,Full-Stack TypeScript Developer
Software Engineer,Senior Back End Developer
Software Engineer,Backend Engineer
Software Engineer,Javascript Developer
Software Engineer,"Senior Software Engineer (React-Native, Mobile)"
Software Engineer,Senior D365 Application Developer
Software Engineer,Software Engineer
Software Engineer,"Senior Full-Stack Developer – Laravel, React, REST APIs"
Software Engineer,Senior Analyst Programmer
Software Engineer,PLM Application Developer (Java Developer)
Software Engineer,API Developer - .NET (C#)
Software Engineer,Senior Developer
Software Engineer,"Senior Software Engineer, Google Maps, iOS CarPlay"
Software Engineer,Software Engineer
Software Engineer,Senior/Lead Developer
Software Engineer,Software Developer
Software Engineer,Full-stack Developer
Software Engineer,Staff Back End Developer
Software Engineer,Ruby on Rails Developer
Software Engineer,Integration and AI Developer (Adelaide)
Software Engineer,DevOps / Software Engineers (Mid-Level to Senior)
Software Engineer,Developer
Software Engineer,Senior Developer
Software Engineer,Senior Software Engineer - 18 Month Maximum Term Contract
Software Engineer,Software Engineering Lead
Software Engineer,Software Architect
Software Engineer,Senior Software Developer
Software Engineer,Software Engineer
Software Engineer,Principal Software Engineer
Software Engineer,Graduate Software Engineer
Software Engineer,"EOI: Software Developer - LIMS, VB, VB.NET, ASP.NET, .NET, C# & SQL Server"
Software Engineer,Senior Developer
Software Engineer,Software Engineer
Software Engineer,Developer Programmer (Software Developer)
Software Engineer,Software Engineer
Software Engineer,"Multiple .Net Developers (Junior, Mid and Senior Level) - Outsystems - FED GOVT"
Software Engineer,Appian Developer
Software Engineer,ServiceNow Developer
Software Engineer,"Software Engineer, Android, Files and Storage, Early Career"
Software Engineer,Software Engineer  (Mid-Level to Senior)
Software Engineer,APS Level 4 - Junior Developer
Software Engineer,Software Developer (Junior/Graduate)
Software Engineer,Software Engineer
Software Engineer,CNC Setter / Programmer
Software Engineer,Software Engineer
Software Engineer,Software Developer – Process Automation & Systems Integration
Software Engineer,Senior .Net Developer
Software Engineer,Software Developer – SaaS
Software Engineer,Master Data Developer
Software Engineer,Software Engineer
Software Engineer,Software Engineer - .NET/React (FTC)
Software Engineer,Developer
Software Engineer,AI Developer (Avatar & Conversational Systems) – Part-Time
Software Engineer,"Senior Software Engineer, Azure Ecosystems Engineering"
Software Engineer,Senior Machine Learning Developer
Software Engineer,"Software Engineer, Android Laptops and Tablets, Early Career"
Software Engineer,SOFTWARE DEVELOPER
Software Engineer,Front-End Software Engineer - React / TypeScript
Software Engineer,Software Developer
Software Engineer,Software Engineer (Backend)
Software Engineer,Back End Developer (Python)
Software Engineer,Java Developer - Systems and Cloud Migration
Software Engineer,C++ Software Engineer
Software Engineer,Python Developer
Software Engineer,Senior Security Software Engineer
Software Engineer,Software Engineer - Data Architect
Software Engineer,Sr Python (PySpark) Developer - Sydney
Software Engineer,PYTHON & DJANGO Developer
Software Engineer,Oracle BI/Analytics Developer
Software Engineer,Statistical Programmer II | AU based
Software Engineer,Senior Digital Developer
Software Engineer,"Software Engineer, Legal Prompter"
Software Engineer,Senior Front-End Developer
Software Engineer,AI Developer
Software Engineer,Senior Statistical Programmer
Software Engineer,"Senior/Staff Software Engineer – Video Streaming, VOD, SSAI (AWS Preferred)"
Software Engineer,Power Platform Developer
Software Engineer,Principal Software Engineer - Payments
Software Engineer,Senior Software Engineer
Software Engineer,Senior Software Engineer
Software Engineer,Senior Data Warehouse Programmer
Software Engineer,Senior Software Engineer
Software Engineer,SOFTWARE ENGINEER AND MATHEMATICAL MODELER
Software Engineer,Senior Software Developer (C++)
Software Engineer,Senior Software Engineer - Spatial Data
Software Engineer,Senior Software Engineer
Software Engineer,C++ Software Engineer
Software Engineer,"REQ249462 Staff Software Engineer, Unloan (Typescript, NextJS, GrathQL)"
Software Engineer,Senior Embedded Software Engineer
Software Engineer,Embedded Software Engineer
Software Engineer,Senior Software Engineer - Network & Infrastructure
Software Engineer,Software Developer
Software Engineer,Statistical Programmer
Software Engineer,Software Engineer
Software Engineer,Software Engineer
Software Engineer,Frontend Software Engineer
Software Engineer,Developer Programmer [261312]
Software Engineer,Software Developer
Software Engineer,Software Engineer
Software Engineer,Software Engineer
Software Engineer,Software Engineering II
Software Engineer,SOFTWARE ENGINEER
Software Engineer,Software Developer
Software Engineer,Software Engineer
Software Engineer,Java Developer (12 Month Contract) WFH
Software Engineer,Lead Software Developer
Software Engineer,Senior Go Developer
Software Engineer,Full-Stack Software Engineer (AI-First)
Software Engineer,Senior Software Engineer React/C#/Power Platform
Software Engineer,"Junior/Senior Software Developer - Python, AI, Fed Govt"
Software Engineer,Senior Software Engineer
Software Engineer,Senior Software Engineer
Software Engineer,Software Engineer in TEST (Java/Cucumber) Contract
Software Engineer,Senior Software Engineer .NET
Software Engineer,Senior Software Engineer (Python) - Regulatory Reporting
Software Engineer,Senior Software Engineer
