Soft Skill,Count
communication,73
problem-solving,71
collaboration,58
mentoring,25
stakeholder management,22
leadership,21
teamwork,19
attention to detail,16
stakeholder engagement,11
problem solving,10
Communication,10
time management,9
Collaboration,9
adaptability,8
curiosity,8
interpersonal skills,7
continuous learning,7
ownership,7
analytical thinking,7
Excellent communication skills,6
Excellent communication,6
Stakeholder engagement,6
analytical skills,5
communication skills,5
analytical,5
Stakeholder management,5
Mentorship,4
Leadership,4
independence,4
autonomy,4
knowledge sharing,4
team collaboration,4
organizational skills,3
commercial acumen,3
self-starter,3
Problem solving,3
Detail-oriented,3
self-motivation,3
cross-functional collaboration,3
accountability,3
ability to work independently,3
documentation,3
initiative,3
Problem-solving,3
verbal communication,3
written communication,3
project management,3
data storytelling,3
presentation,3
collaborative,3
excellent communication,2
negotiation,2
prioritisation,2
Strong communication,2
data literacy,2
customer focus,2
stakeholder collaboration,2
strong communication skills,2
Analytical,2
Collaborative,2
debugging,2
Strong problem-solving skills,2
Curiosity,2
Strong work ethic,2
curious,2
proactive,2
proactive mindset,2
Client-facing,2
comfortable with ambiguity,2
Teamwork,2
Growth mindset,2
influencing,2
Excellent problem-solving skills,2
flexibility,2
research,2
Attention to detail,2
Strong communication skills,2
client-facing,2
collaboration with cross-functional teams,2
growth mindset,2
Organisational skills,2
Storytelling,2
Cross-functional collaboration,2
influence,2
clear communication,2
prioritization,2
Self-starter,2
documentation for diverse audiences,1
cross-disciplinary collaboration,1
Excellent communication and stakeholder engagement skills,1
 collaboration,1
 independent work with minimal supervision,1
Outstanding verbal and written communication skills,1
Ability to establish and maintain relationships with a diverse range of stakeholders,1
"Proactive, can-do attitude",1
Independent and collaborative working style,1
lead code reviews,1
collaborative approach,1
strong teamwork skills,1
excellent written and verbal communication skills,1
numeracy,1
"Strong interpersonal, written, and oral communication skills, capable of simplifying complex findings for all levels of stakeholders.",1
"Exceptional ability to translate complex quantitative results into clear, precise, and actionable business insights.",1
"Proven ability to work productively with data, analytics, and non-technical stakeholder teams.",1
"A proactive, inquisitive approach to discovering and solving problems, with a continuous focus on identifying process and market opportunities.",1
"Integrity, accountability, ingenuity, collaboration, and respect in all professional dealings, and operates with flexibility to meet project requirements.",1
problem-solving abilities,1
ability to work across teams,1
innovation mindset,1
flexible and adaptable to changing priorities,1
Passionate about the business.,1
"You take ownership of outcomes, not just code.",1
You explore new tools independently and apply them where they make sense.,1
You identify unclear requirements and resolve them without waiting to be solicited.,1
You question assumptions but stay delivery-focused.,1
"You're pragmatic, structured, and collaborative.",1
Believe in StepInsight's vision.,1
Be the most reliable tech partner.,1
Excellent written and verbal communication,1
Strong organisational and project management skills,1
Ability to present complex data to diverse audiences,1
EQ (emotional intelligence),1
empathetic communication,1
inclusion,1
trust,1
strategic thinker,1
hands-on collaboration,1
ability to tailor messages for peers and stakeholders,1
storytelling,1
strategic thinking,1
Excellent communication and interpersonal skills,1
Positivity and high emotional intelligence,1
"Autonomous and proactive, yet collaborative",1
Ability to give and follow guidance,1
"Adaptable to dynamic, creative environment",1
Loyalty and confidentiality; support for school and students,1
Willingness to support Christian ethos,1
bias for action,1
cross-functional teamwork,1
ability to work independently and as part of a team,1
A passion for learning and staying updated on the latest technologies and best practices in software development,1
Strong self-organisation and time management skills,1
Excellent written and verbal communication.,1
"Ownership mindset, ability to self-manage, and demonstrated continuous learning.",1
Strong troubleshooting and creative problem solving.,1
Share knowledge and mentor engineers.,1
Help close skill gaps across the team.,1
Strong organizational and communication skills.,1
can-do approach,1
happy to roll their sleeves up and be a part of the team,1
Ability to work well under pressure and manage multiple tasks simultaneously.,1
Good communication,1
maintainability-focused design,1
discipline,1
Collaborative approach with designers and product owners in Agile/Scrum environments,1
Open to feedback and continuous improvement in UI/UX,1
User-centered design and responsive design principles,1
influencing decisions across business and technology,1
first-principles thinking,1
Strong written and verbal communication,1
business acumen,1
ability to bridge technical solutions with business needs,1
Team player,1
collaborative spirit,1
logical,1
resourceful,1
excellent stakeholder communication,1
creative,1
driven,1
first-principles thinker,1
Ability to articulate technical concepts to non-technical stakeholders,1
Thrives in a start-up environment,1
Calmness and patience,1
Proactive attitude,1
Demonstrated ability to handle ambiguity,1
critical thinking,1
computer literacy,1
Clear logical thinking,1
strong team collaboration and communication skills,1
Strong problem-solving skills with creativity and adaptability,1
"Excellent analytical, debugging, and troubleshooting abilities",1
Strong communication skills to articulate technical solutions and ideas with peers and product owners,1
"Ability to think critically, learn fast, and work autonomously",1
Stakeholder Management,1
ability to communicate complex technical concepts to business decision makers and product owners,1
Agile software development practices,1
"Ability to write clean, readable code",1
eagerness to learn,1
"user-centric, reliable solutions",1
enthusiasm for craft,1
open-minded,1
hands-on,1
experimental,1
resilience,1
Time management,1
Ability to work independently,1
Customer service,1
natural communicator,1
communicate complex technical topics to customers and coworkers of varying technical skill levels,1
experience being on-call,1
ability to manage multiple projects,1
detail-oriented,1
analytical and solutions-focused,1
can-do attitude,1
"Strong communication skills, with the ability to engage confidently with both technical teams and business stakeholders",1
"Experience mentoring or leading small teams, balancing strategy with hands-on delivery",1
"A collaborative, proactive, and flexible approach to problem-solving",1
"Passion for pets, innovation, and making a difference",1
learning mindset,1
Interpersonal skills,1
Team-oriented mindset,1
strong communication and collaboration skills,1
growth mindset and commitment to continuous learning,1
Autonomy,1
Experimentation,1
Shared learning,1
Ownership,1
Openness,1
leading workshops,1
scoping engagements,1
delivering design architecture proposals,1
technical presentations,1
mentoring and growing a team,1
people management,1
influencing senior stakeholders,1
adaptable,1
commercially minded,1
deeply curious about AI,1
diagnostic skills,1
change management,1
cross-functional coordination,1
ambiguity tolerance,1
organization,1
analytical and problem-solving,1
communication and stakeholder management,1
strategic thinking and process improvement,1
"Strong analytical skills in interrogating, manipulating, wrangling and processing complex and large-scale datasets",1
Mentoring and supporting developers and test engineers,1
Exposure and knowledge of Agile and Waterfall methodologies,1
Analytical skills,1
Excellent verbal and written communications,1
Strong consultation and client management skills,1
Leadership (mentoring developers),1
relationship-building,1
stakeholder coordination,1
vendor coordination,1
ethical thinking,1
creativity,1
excellent communication skills,1
Strong interpersonal skills,1
Strong written and verbal communication skills,1
"Well developed planning, organizing and work management abilities",1
Ability to work independently and as part of a team,1
Be a quick learner,1
multitask,1
high attention to detail,1
customer service skills,1
develop strong working relationships right across the business,1
quick learner,1
strong work ethic,1
Strong communication and stakeholder engagement skills,1
self-motivated,1
high achiever,1
"strong written, interpersonal and verbal communication skills",1
drive and initiative,1
ability to translate highly technical concepts into plain language,1
desire to learn,1
influencing decisions,1
interpersonal and communication abilities,1
collaborative team player,1
comfortable communicating across a diverse engineering team,1
sharing your knowledge,1
end user and customer in mind,1
Teaching ability,1
Mentoring,1
Communication skills,1
Passion for student success,1
independence/autonomy,1
research skills,1
great communicator with top notch interpersonal skills,1
self-initiator with the ability to work effectively in a team environment,1
"quick, creative ways to solve problems",1
Excellent written and verbal communication skills,1
Coaching and mentoring other developers,1
Strong communication skills (non-technical audiences),1
Excellent problem-solving and analytical skills,1
Strong communication and teamwork abilities,1
methodical problem solving,1
curious/inquisitive mindset,1
interpersonal communication,1
stakeholder consultation,1
Self-directed,1
Proactive approach to finding solutions,1
Collaboration skills,1
Strong communication skills for architecture reviews and cross-vendor coordination,1
Facilitate workshops to validate data definitions and flows,1
"Advise delivery teams, vendors, and product owners on modelling standards",1
Maintain alignment with the D365 Solutions Architect across all streams,1
People leadership,1
teaching,1
student engagement,1
Strong presentation skills,1
Strategic thinking,1
Organizational skills,1
Managing multiple priorities,1
A passion for learning every day,1
interpersonal,1
facilitation,1
Workshop facilitation,1
Prioritisation,1
Relationship-building,1
customer-facing experience,1
technical and scientific presentations to a variety of audiences,1
Proficient in English (oral and written),1
strong organisational skills,1
high-level written and interpersonal communication,1
ability to manage competing priorities,1
visualisation,1
relationship building,1
Excellent communicator,1
Natural collaborator,1
Open to feedback,1
Curious,1
Self-motivated,1
communication (oral and written),1
mentoring/supervision,1
socially responsible research,1
willingness to learn,1
Managing time efficiently,1
Adapting to different systems,1
Independence,1
agile behaviours,1
task prioritisation,1
risk management,1
care,1
coaching,1
outcome-driven,1
Bias for action,1
Fast iteration,1
Ownership of outcomes,1
Comfort with ambiguity,1
Hands-on,1
Startup mindset,1
support to other coding staff,1
accuracy,1
continuous professional growth,1
planning deliverables,1
working independently,1
exceptional written and verbal communication and interpersonal skills,1
Inquisitive mindset,1
willingness to learn and try new things,1
experience working with multiple stakeholders to achieve positive results,1
Strong analytical capabilities,1
code reviews,1
strong communicator,1
analytical ability,1
curiosity about neuroscience and healthcare,1
Teamwork abilities,1
Agile delivery frameworks,1
collaborate in cross-functional teams,1
technical communication skills,1
Self-driven,1
Understand core business requirements before coding,1
strong interpersonal skills,1
problem-solver,1
collaborative development skills,1
collaborative and collegial approach,1
ability to work effectively across international and interdisciplinary teams,1
build relationships with external stakeholders,1
learning agility,1
pragmatic approach,1
customer interaction,1
curious mindset,1
willingness to work across disciplines,1
Problem-Solving,1
Attention to Detail,1
Adaptability & Continuous Learning,1
Teamwork & Collaboration,1
Analytical Thinking,1
excellent communicator,1
gathering requirements from technical and non-technical stakeholders,1
learning,1
High level written and verbal communication,1
Engagement with technical and non-technical stakeholder groups,1
Good communication skills,1
customer-focused,1
planning,1
prioritising,1
analytical mindset,1
note taking,1
punctuality,1
follow-up,1
troubleshooting,1
positive attitude,1
enthusiasm to learn and adapt,1
lead cross-functional teams,1
Stakeholder Engagement,1
Cross-functional teamwork,1
Adaptability,1
communication and presentation skills,1
uplifting the technical capability of colleagues and teams,1
comfortable working remotely,1
Mentor future hires,1
team player,1
